{
	"AfternoonGreet":{
		"Declare":1.0
	},
	"MorningSayGoodbye": {
		"SimpleThank": 1.0
	},
	"IndividualisticallyOrientedMotivate": {
		"Acknowledge": 1.0
	},
	"AskTask": {
		"Reject": 0.14705882352941177,
		"Accept": 0.11764705882352941,
		"Acknowledge": 0.029411764705882353,
		"RequestWeather": 0.11764705882352941,
		"Request": 0.11764705882352941,
		"Declare": 0.38235294117647056,
		"RequestNewspaper": 0.08823529411764706
	},
	"SimpleApologise": {
		"Declare": 1.0
	},
	"PersonalThank": {
		"AnswerThank": 0.45454545454545453,
		"PersonalThank": 0.36363636363636365,
		"SimpleSayGoodbye": 0.09090909090909091,
		"PersonalAnswerThank": 0.09090909090909091
	},
	"RequestMissingInformation": {
		"Reject": 0.13664596273291926,
		"Accept": 0.38509316770186336,
		"Acknowledge": 0.024844720496894408,
		"Request": 0.003105590062111801,
		"Declare": 0.4503105590062112
	},
	"AskMood": {
		"Accept": 0.13043478260869565,
		"Acknowledge": 0.13043478260869565,
		"Declare": 0.21739130434782608,
		"SimpleThank": 0.5217391304347826
	},
	"SimpleThank": {
		"AnswerThank": 0.45454545454545453,
		"Acknowledge": 0.045454545454545456,
		"PersonalSayGoodbye": 0.045454545454545456,
		"SimpleSayGoodbye": 0.045454545454545456,
		"PersonalAnswerThank": 0.09090909090909091,
		"Declare": 0.045454545454545456,
		"SimpleThank": 0.2727272727272727
	},
	"CheerUp": {
		"Declare": 1.0
	},
	"ShareJoy": {
		"Accept": 0.058823529411764705,
		"Acknowledge": 0.29411764705882354,
		"RequestWeather": 0.058823529411764705,
		"Request": 0.058823529411764705,
		"SimpleSayGoodbye": 0.058823529411764705,
		"Declare": 0.4117647058823529,
		"SimpleThank": 0.058823529411764705
	},
	"Reject": {
		"Acknowledge": 0.5,
		"Request": 0.375,
		"Declare": 0.125
	},
	"SimpleGreet": {
		"SimpleGreet": 0.5,
		"PersonalGreet": 0.5
	},
	"AnswerThank": {
		"MeetAgainSayGoodbye": 0.1111111111111111,
		"Acknowledge": 0.05555555555555555,
		"PersonalSayGoodbye": 0.05555555555555555,
		"SimpleSayGoodbye": 0.3888888888888889,
		"Declare": 0.2777777777777778,
		"RequestNewspaper": 0.05555555555555555,
		"SimpleThank": 0.05555555555555555
	},
	"EveningGreet": {
		"PersonalGreet": 1.0
	},
	"Console": {
		"Acknowledge": 0.5,
		"Request": 0.5
	},
	"AskPlans": {
		"Declare": 1.0
	},
	"EveningSayGoodbye": {
		"Acknowledge": 0.25,
		"SimpleSayGoodbye": 0.25,
		"SimpleThank": 0.5
	},
	"MorningGreet": {
		"Acknowledge": 0.25,
		"PersonalGreet": 0.25,
		"MorningGreet": 0.5
	},
	"MeetAgainSayGoodbye": {
		"MeetAgainSayGoodbye": 0.13636363636363635,
		"AnswerThank": 0.045454545454545456,
		"PersonalSayGoodbye": 0.09090909090909091,
		"SimpleSayGoodbye": 0.5454545454545454,
		"SimpleThank": 0.18181818181818182
	},
	"Order": {
		"Acknowledge": 1.0
	},
	"AfternoonSayGoodbye": {
		"SimpleThank": 1.0
	},
	"RequestAdditionalInformation": {
		"Reject": 0.12025316455696203,
		"Accept": 0.3924050632911392,
		"Acknowledge": 0.0379746835443038,
		"RequestWeather": 0.006329113924050633,
		"Request": 0.012658227848101266,
		"Declare": 0.4240506329113924,
		"SimpleThank": 0.006329113924050633
	},
	"Accept": {
		"Acknowledge": 0.42857142857142855,
		"RequestWeather": 0.03571428571428571,
		"Request": 0.14285714285714285,
		"Declare": 0.21428571428571427,
		"RequestNewspaper": 0.07142857142857142,
		"SimpleThank": 0.10714285714285714
	},
	"Acknowledge": {
		"Acknowledge": 0.183206106870229,
		"RequestWeather": 0.015267175572519083,
		"PersonalSayGoodbye": 0.015267175572519083,
		"Request": 0.061068702290076333,
		"PersonalThank": 0.007633587786259542,
		"SimpleSayGoodbye": 0.05343511450381679,
		"Declare": 0.5725190839694656,
		"RequestNewspaper": 0.015267175572519083,
		"SimpleThank": 0.07633587786259542
	},
	"RephrasePreviousUtterance": {
		"SimpleThank": 1.0
	},
	"Advise": {
		"Accept": 0.1702127659574468,
		"Acknowledge": 0.48936170212765956,
		"RequestWeather": 0.02127659574468085,
		"Request": 0.0851063829787234,
		"PersonalThank": 0.02127659574468085,
		"Declare": 0.2127659574468085
	},
	"ImplicitlyConfirmRecognisedInput": {
		"Reject": 0.25,
		"Accept": 0.25,
		"Declare": 0.375,
		"SimpleThank": 0.125
	},
	"Declare": {
		"Reject": 0.003067484662576687,
		"SimpleGreet": 0.003067484662576687,
		"Accept": 0.018404907975460124,
		"Acknowledge": 0.6165644171779141,
		"Request": 0.18098159509202455,
		"PersonalGreet": 0.003067484662576687,
		"PersonalThank": 0.006134969325153374,
		"Declare": 0.1196319018404908,
		"RequestNewspaper": 0.003067484662576687,
		"SimpleThank": 0.046012269938650305
	},
	"ShowWeather": {
		"Acknowledge": 0.4897959183673469,
		"RequestWeather": 0.04081632653061224,
		"Request": 0.10204081632653061,
		"Declare": 0.30612244897959184,
		"SimpleThank": 0.061224489795918366
	},
	"ReadNewspaper": {
		"Acknowledge": 0.3939393939393939,
		"Request": 0.18181818181818182,
		"PersonalThank": 0.030303030303030304,
		"Declare": 0.3333333333333333,
		"SimpleThank": 0.06060606060606061
	},
	"SimpleMotivate": {
		"Acknowledge": 0.2,
		"Request": 0.2,
		"Declare": 0.4,
		"SimpleThank": 0.2
	},
	"RequestReasonForEmotion": {
		"Declare": 1.0
	},
	"PersonalSayGoodbye": {
		"PersonalSayGoodbye": 0.75,
		"SimpleSayGoodbye": 0.25
	},
	"PersonalGreet": {
		"SimpleGreet": 0.15873015873015872,
		"RequestWeather": 0.047619047619047616,
		"EveningGreet": 0.015873015873015872,
		"Request": 0.1111111111111111,
		"PersonalGreet": 0.4126984126984127,
		"AskMood": 0.015873015873015872,
		"Declare": 0.19047619047619047,
		"RequestNewspaper": 0.015873015873015872,
		"SimpleThank": 0.031746031746031744
	},
	"PersonalAnswerThank": {
		"SimpleThank": 1.0
	},
	"ExplicitlyConfirmRecognisedInput": {
		"Accept": 0.8275862068965517,
		"Acknowledge": 0.034482758620689655,
		"Declare": 0.13793103448275862
	}
}