{
  "ReceiveReqMore": {
    "P(PushRequestA|ReceiveReqMore)": 0.8424065891211918,
    "P(PushInformAX|ReceiveReqMore)": 0.00215532929815933,
    "P(PushNegateAX|ReceiveReqMore)": 0.0016047867190955262,
    "P(PushThankyou|ReceiveReqMore)": 0.0016047867190955262,
    "P(PushAffirm|ReceiveReqMore)": 0.043478260869568255,
    "P(PushHello|ReceiveReqMore)": 0.00160478671909558,
    "P(PushInformBY|ReceiveReqMore)": 0.043478260869568255,
    "P(PushConfirmAX|ReceiveReqMore)": 0.0016047867190955262,
    "P(PushRepeat|ReceiveReqMore)": 0.0016047867190955262,
    "P(PushDenyAX|ReceiveReqMore)": 0.0016047867190955262,
    "P(PushAffirmAX|ReceiveReqMore)": 0.008331513943941453,
    "P(PushReqaltsAX|ReceiveReqMore)": 0.0010542441400325049,
    "P(PushNothing|ReceiveReqMore)": 0.043478260869568255,
    "P(PushBye|ReceiveReqMore)": 0.0011744604161107227,
    "P(PushRestart|ReceiveReqMore)": 0.0016047867190955262,
    "P(PushNull|ReceiveReqMore)": 0.0016047867190955262,
    "P(PushAck|ReceiveReqMore)": 0.0016047867190955262
  },
  "ReceiveSelect": {
    "P(PushAffirm|ReceiveSelect)": 0.058823529411764705,
    "P(PushDenyAX|ReceiveSelect)": 0.058823529411764705,
    "P(PushReqaltsAX|ReceiveSelect)": 0.058823529411764705,
    "P(PushNull|ReceiveSelect)": 0.058823529411764705,
    "P(PushRestart|ReceiveSelect)": 0.058823529411764705,
    "P(PushNothing|ReceiveSelect)": 0.058823529411764705,
    "P(PushNegateAX|ReceiveSelect)": 0.058823529411764705,
    "P(PushAck|ReceiveSelect)": 0.058823529411764705,
    "P(PushHello|ReceiveSelect)": 0.058823529411764705,
    "P(PushRequestA|ReceiveSelect)": 0.058823529411764705,
    "P(PushInformBY|ReceiveSelect)": 0.058823529411764705,
    "P(PushRepeat|ReceiveSelect)": 0.058823529411764705,
    "P(PushBye|ReceiveSelect)": 0.058823529411764705,
    "P(PushConfirmAX|ReceiveSelect)": 0.058823529411764705,
    "P(PushThankyou|ReceiveSelect)": 0.058823529411764705,
    "P(PushInformAX|ReceiveSelect)": 0.058823529411764705,
    "P(PushAffirmAX|ReceiveSelect)": 0.058823529411764705
  },
  "ReceiveBye": {
    "P(PushAck|ReceiveBye)": 0.058823529411764705,
    "P(PushBye|ReceiveBye)": 0.058823529411764705,
    "P(PushAffirmAX|ReceiveBye)": 0.058823529411764705,
    "P(PushHello|ReceiveBye)": 0.058823529411764705,
    "P(PushReqaltsAX|ReceiveBye)": 0.058823529411764705,
    "P(PushNull|ReceiveBye)": 0.058823529411764705,
    "P(PushNegateAX|ReceiveBye)": 0.058823529411764705,
    "P(PushConfirmAX|ReceiveBye)": 0.058823529411764705,
    "P(PushInformAX|ReceiveBye)": 0.058823529411764705,
    "P(PushInformBY|ReceiveBye)": 0.058823529411764705,
    "P(PushThankyou|ReceiveBye)": 0.058823529411764705,
    "P(PushRestart|ReceiveBye)": 0.058823529411764705,
    "P(PushAffirm|ReceiveBye)": 0.058823529411764705,
    "P(PushNothing|ReceiveBye)": 0.058823529411764705,
    "P(PushDenyAX|ReceiveBye)": 0.058823529411764705,
    "P(PushRepeat|ReceiveBye)": 0.058823529411764705,
    "P(PushRequestA|ReceiveBye)": 0.058823529411764705
  },
  "ReceiveConfirmAXok": {
    "P(PushRestart|ReceiveConfirmAXok)": 0.0,
    "P(PushBye|ReceiveConfirmAXok)": 0.0,
    "P(PushDenyAX|ReceiveConfirmAXok)": 0.0,
    "P(PushRepeat|ReceiveConfirmAXok)": 0.0,
    "P(PushThankyou|ReceiveConfirmAXok)": 0.0,
    "P(PushAffirm|ReceiveConfirmAXok)": 0.3,
    "P(PushNegateAX|ReceiveConfirmAXok)": 0.0,
    "P(PushReqaltsAX|ReceiveConfirmAXok)": 0.0,
    "P(PushConfirmAX|ReceiveConfirmAXok)": 0.0,
    "P(PushRequestA|ReceiveConfirmAXok)": 0.0,
    "P(PushAffirmAX|ReceiveConfirmAXok)": 0.5,
    "P(PushHello|ReceiveConfirmAXok)": 0.0,
    "P(PushInformAX|ReceiveConfirmAXok)": 0.0,
    "P(PushAck|ReceiveConfirmAXok)": 0.0,
    "P(PushInformBY|ReceiveConfirmAXok)": 0.0,
    "P(PushNothing|ReceiveConfirmAXok)": 0.1,
    "P(PushNull|ReceiveConfirmAXok)": 0.1
  },
  "ReceiveConfirmAXnotOk": {
    "P(PushNegateAX|ReceiveConfirmAXnotOk)": 0.3,
    "P(PushInformBY|ReceiveConfirmAXnotOk)": 0.0,
    "P(PushConfirmAX|ReceiveConfirmAXnotOk)": 0.0,
    "P(PushAffirmAX|ReceiveConfirmAXnotOk)": 0.0,
    "P(PushNothing|ReceiveConfirmAXnotOk)": 0.1,
    "P(PushNull|ReceiveConfirmAXnotOk)": 0.1,
    "P(PushRestart|ReceiveConfirmAXnotOk)": 0.0,
    "P(PushAck|ReceiveConfirmAXnotOk)": 0.0,
    "P(PushDenyAX|ReceiveConfirmAXnotOk)": 0.5,
    "P(PushInformAX|ReceiveConfirmAXnotOk)": 0.0,
    "P(PushThankyou|ReceiveConfirmAXnotOk)": 0.0,
    "P(PushHello|ReceiveConfirmAXnotOk)": 0.0,
    "P(PushRequestA|ReceiveConfirmAXnotOk)": 0.0,
    "P(PushBye|ReceiveConfirmAXnotOk)": 0.0,
    "P(PushReqaltsAX|ReceiveConfirmAXnotOk)": 0.0,
    "P(PushRepeat|ReceiveConfirmAXnotOk)": 0.0,
    "P(PushAffirm|ReceiveConfirmAXnotOk)": 0.0
  },
  "ReceiveInformAX": {
    "P(PushRequestA|ReceiveInformAX)": 0.22469442475154866,
    "P(PushInformBY|ReceiveInformAX)": 0.0,
    "P(PushInformAX|ReceiveInformAX)": 0.0,
    "P(PushConfirmAX|ReceiveInformAX)": 0.0,
    "P(PushRepeat|ReceiveInformAX)": 0.0,
    "P(PushThankyou|ReceiveInformAX)": 0.7643223643720274,
    "P(PushAffirmAX|ReceiveInformAX)": 0.0022947471985862266,
    "P(PushAffirm|ReceiveInformAX)": 0.006897596541338937,
    "P(PushDenyAX|ReceiveInformAX)": 0.0,
    "P(PushBye|ReceiveInformAX)": 5.019680146354759E-4,
    "P(PushNull|ReceiveInformAX)": 0.0,
    "P(PushNegateAX|ReceiveInformAX)": 0.0,
    "P(PushNothing|ReceiveInformAX)": 0.0012888991218634475,
    "P(PushReqaltsAX|ReceiveInformAX)": 0.0,
    "P(PushAck|ReceiveInformAX)": 0.0,
    "P(PushRestart|ReceiveInformAX)": 0.0,
    "P(PushHello|ReceiveInformAX)": 0.0
  },
  "ReceiveAffirmAX": {
    "P(PushAffirmAX|ReceiveAffirmAX)": 0.058823529411764705,
    "P(PushReqaltsAX|ReceiveAffirmAX)": 0.058823529411764705,
    "P(PushThankyou|ReceiveAffirmAX)": 0.058823529411764705,
    "P(PushBye|ReceiveAffirmAX)": 0.058823529411764705,
    "P(PushNegateAX|ReceiveAffirmAX)": 0.058823529411764705,
    "P(PushConfirmAX|ReceiveAffirmAX)": 0.058823529411764705,
    "P(PushRepeat|ReceiveAffirmAX)": 0.058823529411764705,
    "P(PushRequestA|ReceiveAffirmAX)": 0.058823529411764705,
    "P(PushInformAX|ReceiveAffirmAX)": 0.058823529411764705,
    "P(PushAck|ReceiveAffirmAX)": 0.058823529411764705,
    "P(PushNull|ReceiveAffirmAX)": 0.058823529411764705,
    "P(PushRestart|ReceiveAffirmAX)": 0.058823529411764705,
    "P(PushAffirm|ReceiveAffirmAX)": 0.058823529411764705,
    "P(PushDenyAX|ReceiveAffirmAX)": 0.058823529411764705,
    "P(PushHello|ReceiveAffirmAX)": 0.058823529411764705,
    "P(PushInformBY|ReceiveAffirmAX)": 0.058823529411764705,
    "P(PushNothing|ReceiveAffirmAX)": 0.058823529411764705
  },
  "ReceiveOffer": {
    "P(PushAck|ReceiveOffer)": 0.010912941582298856,
    "P(PushRepeat|ReceiveOffer)": 0.010912941582298856,
    "P(PushDenyAX|ReceiveOffer)": 0.028145195146114077,
    "P(PushThankyou|ReceiveOffer)": 0.009494344899769951,
    "P(PushConfirmAX|ReceiveOffer)": 0.02815075056361725,
    "P(PushNothing|ReceiveOffer)": 0.0,
    "P(PushBye|ReceiveOffer)": 0.7762718650255787,
    "P(PushRequestA|ReceiveOffer)": 0.0,
    "P(PushInformBY|ReceiveOffer)": 0.003812426590505988,
    "P(PushAffirmAX|ReceiveOffer)": 0.03948953051191004,
    "P(PushReqaltsAX|ReceiveOffer)": 0.0,
    "P(PushRestart|ReceiveOffer)": 0.010912941582298856,
    "P(PushNull|ReceiveOffer)": 0.010912941582298854,
    "P(PushAffirm|ReceiveOffer)": 0.003812426590505988,
    "P(PushInformAX|ReceiveOffer)": 0.02774763752921123,
    "P(PushHello|ReceiveOffer)": 0.011278861667477528,
    "P(PushNegateAX|ReceiveOffer)": 0.028145195146114077
  },
  "ReceiveHello": {
    "P(PushAffirm|ReceiveHello)": 0.0026111620715719166,
    "P(PushBye|ReceiveHello)": 0.0,
    "P(PushConfirmAX|ReceiveHello)": 0.0,
    "P(PushAffirmAX|ReceiveHello)": 0.001022011841977274,
    "P(PushThankyou|ReceiveHello)": 0.0,
    "P(PushRepeat|ReceiveHello)": 0.0,
    "P(PushNegateAX|ReceiveHello)": 0.0,
    "P(PushHello|ReceiveHello)": 0.0,
    "P(PushRequestA|ReceiveHello)": 0.0,
    "P(PushInformAX|ReceiveHello)": 0.9911445019433067,