{
  "P(n|Ack)": {
    "P(1|Ack)": 0.8421052631578947,
    "P(2|Ack)": 0.15789473684210525
  },
  "P(n|Affirm)": {
    "P(1|Affirm)": 0.8558558558558559,
    "P(2|Affirm)": 0.1009009009009009,
    "P(3|Affirm)": 0.043243243243243246
  },
  "P(n|Bye)": {
    "P(1|Bye)": 0.9881656804733728,
    "P(2|Bye)": 0.011834319526627219
  },
  "P(n|Confirm)": {
    "P(1|Confirm)": 0.959349593495935,
    "P(2|Confirm)": 0.04065040650406504
  },
  "P(n|Deny)": {
    "P(1|Deny)": 0.6666666666666666,
    "P(2|Deny)": 0.3333333333333333
  },
  "P(n|Hello)": {
    "P(1|Hello)": 0.5,
    "P(2|Hello)": 0.25925925925925924,
    "P(3|Hello)": 0.24074074074074073
  },
  "P(n|Inform)": {
    "P(1|Inform)": 0.8692193858675545,
    "P(2|Inform)": 0.20421753607103219,
    "P(3|Inform)": 3.699593044765076E-4
  },
  "P(n|Negate)": {
    "P(1|Negate)": 0.694300518134715,
    "P(2|Negate)": 0.2849740932642487,
    "P(3|Negate)": 0.02072538860103627
  },
  "P(n|Null)": {
    "P(1|Null)": 1.0
  },
  "P(n|Repeat)": {
    "P(1|Repeat)": 1.0
  },
  "P(n|Reqalts)": {
    "P(1|Reqalts)": 0.39636363636363636,
    "P(2|Reqalts)": 0.5827272727272728,
    "P(3|Reqalts)": 0.02090909090909091
  },
  "P(n|Reqmore)": {
    "P(1|Reqmore)": 1.0
  },
  "P(n|Request)": {
    "P(1|Request)": 0.8822975517890772,
    "P(2|Request)": 0.1007532956685499,
    "P(3|Request)": 0.01694915254237288
  },
  "P(n|Restart)": {
    "P(1|Restart)": 1.0
  },
  "P(n|Thankyou)": {
    "P(1|Thankyou)": 0.05245901639344262,
    "P(2|Thankyou)": 0.9475409836065574
  }
}