{
  "ReceiveReqMore": {
    "P(PushRequestA|ReceiveReqMore)": 0.06142912039650874,
    "P(PushInformAX|ReceiveReqMore)": 0.21807065217390617,
    "P(PushNegateAX|ReceiveReqMore)": 0.021739130434781907,
    "P(PushThankyou|ReceiveReqMore)": 0.05585788004266275,
    "P(PushAffirm|ReceiveReqMore)": 0.021739130434783135,
    "P(PushHello|ReceiveReqMore)": 0.043478260869563815,
    "P(PushInformBY|ReceiveReqMore)": 0.021739130434783135,
    "P(PushConfirmAX|ReceiveReqMore)": 0.021739130434781907,
    "P(PushRepeat|ReceiveReqMore)": 0.05948106844846051,
    "P(PushDenyAX|ReceiveReqMore)": 0.021739130434781907,
    "P(PushAffirmAX|ReceiveReqMore)": 0.23913043478261842,
    "P(PushReqaltsAX|ReceiveReqMore)": 0.02608695652173908,
    "P(PushNothing|ReceiveReqMore)": 0.021739130434783142,
    "P(PushBye|ReceiveReqMore)": 0.03877144896166664,
    "P(PushRestart|ReceiveReqMore)": 0.021739130434781907,
    "P(PushNull|ReceiveReqMore)": 0.04603919631093621,
    "P(PushAck|ReceiveReqMore)": 0.05948106844846051
  },
  "ReceiveSelect": {
    "P(PushAffirm|ReceiveSelect)": 0.058823529411764705,
    "P(PushDenyAX|ReceiveSelect)": 0.058823529411764705,
    "P(PushReqaltsAX|ReceiveSelect)": 0.058823529411764705,
    "P(PushNull|ReceiveSelect)": 0.058823529411764705,
    "P(PushRestart|ReceiveSelect)": 0.058823529411764705,
    "P(PushNothing|ReceiveSelect)": 0.058823529411764705,
    "P(PushNegateAX|ReceiveSelect)": 0.058823529411764705,
    "P(PushAck|ReceiveSelect)": 0.058823529411764705,
    "P(PushHello|ReceiveSelect)": 0.058823529411764705,
    "P(PushRequestA|ReceiveSelect)": 0.058823529411764705,
    "P(PushInformBY|ReceiveSelect)": 0.058823529411764705,
    "P(PushRepeat|ReceiveSelect)": 0.058823529411764705,
    "P(PushBye|ReceiveSelect)": 0.058823529411764705,
    "P(PushConfirmAX|ReceiveSelect)": 0.058823529411764705,
    "P(PushThankyou|ReceiveSelect)": 0.058823529411764705,
    "P(PushInformAX|ReceiveSelect)": 0.058823529411764705,
    "P(PushAffirmAX|ReceiveSelect)": 0.058823529411764705
  },
  "ReceiveBye": {
    "P(PushAck|ReceiveBye)": 0.058823529411764705,
    "P(PushBye|ReceiveBye)": 0.058823529411764705,
    "P(PushAffirmAX|ReceiveBye)": 0.058823529411764705,
    "P(PushHello|ReceiveBye)": 0.058823529411764705,
    "P(PushReqaltsAX|ReceiveBye)": 0.058823529411764705,
    "P(PushNull|ReceiveBye)": 0.058823529411764705,
    "P(PushNegateAX|ReceiveBye)": 0.058823529411764705,
    "P(PushConfirmAX|ReceiveBye)": 0.058823529411764705,
    "P(PushInformAX|ReceiveBye)": 0.058823529411764705,
    "P(PushInformBY|ReceiveBye)": 0.058823529411764705,
    "P(PushThankyou|ReceiveBye)": 0.058823529411764705,
    "P(PushRestart|ReceiveBye)": 0.058823529411764705,
    "P(PushAffirm|ReceiveBye)": 0.058823529411764705,
    "P(PushNothing|ReceiveBye)": 0.058823529411764705,
    "P(PushDenyAX|ReceiveBye)": 0.058823529411764705,
    "P(PushRepeat|ReceiveBye)": 0.058823529411764705,
    "P(PushRequestA|ReceiveBye)": 0.058823529411764705
  },
  "ReceiveConfirmAXok": {
    "P(PushRestart|ReceiveConfirmAXok)": 0.058823529411764705,
    "P(PushBye|ReceiveConfirmAXok)": 0.058823529411764705,
    "P(PushDenyAX|ReceiveConfirmAXok)": 0.058823529411764705,
    "P(PushRepeat|ReceiveConfirmAXok)": 0.058823529411764705,
    "P(PushThankyou|ReceiveConfirmAXok)": 0.058823529411764705,
    "P(PushAffirm|ReceiveConfirmAXok)": 0.058823529411764705,
    "P(PushNegateAX|ReceiveConfirmAXok)": 0.058823529411764705,
    "P(PushReqaltsAX|ReceiveConfirmAXok)": 0.058823529411764705,
    "P(PushConfirmAX|ReceiveConfirmAXok)": 0.058823529411764705,
    "P(PushRequestA|ReceiveConfirmAXok)": 0.058823529411764705,
    "P(PushAffirmAX|ReceiveConfirmAXok)": 0.058823529411764705,
    "P(PushHello|ReceiveConfirmAXok)": 0.058823529411764705,
    "P(PushInformAX|ReceiveConfirmAXok)": 0.058823529411764705,
    "P(PushAck|ReceiveConfirmAXok)": 0.058823529411764705,
    "P(PushInformBY|ReceiveConfirmAXok)": 0.058823529411764705,
    "P(PushNothing|ReceiveConfirmAXok)": 0.058823529411764705,
    "P(PushNull|ReceiveConfirmAXok)": 0.058823529411764705
  },
  "ReceiveConfirmAXnotOk": {
    "P(PushNegateAX|ReceiveConfirmAXnotOk)": 0.04373438981110339,
    "P(PushInformBY|ReceiveConfirmAXnotOk)": 0.04347826086956522,
    "P(PushConfirmAX|ReceiveConfirmAXnotOk)": 0.043734389811103405,
    "P(PushAffirmAX|ReceiveConfirmAXnotOk)": 0.20925251689596797,
    "P(PushNothing|ReceiveConfirmAXnotOk)": 0.01808901385319634,
    "P(PushNull|ReceiveConfirmAXnotOk)": 0.036358239776442404,
    "P(PushRestart|ReceiveConfirmAXnotOk)": 0.036358239776442404,
    "P(PushAck|ReceiveConfirmAXnotOk)": 0.036358239776442404,
    "P(PushDenyAX|ReceiveConfirmAXnotOk)": 0.04373438981110339,
    "P(PushInformAX|ReceiveConfirmAXnotOk)": 0.14238351178486977,
    "P(PushThankyou|ReceiveConfirmAXnotOk)": 0.036358239776442404,
    "P(PushHello|ReceiveConfirmAXnotOk)": 0.08721265068066833,
    "P(PushRequestA|ReceiveConfirmAXnotOk)": 0.0555797141261809,
    "P(PushBye|ReceiveConfirmAXnotOk)": 0.04379731279336068,
    "P(PushReqaltsAX|ReceiveConfirmAXnotOk)": 0.043734389811103405,
    "P(PushRepeat|ReceiveConfirmAXnotOk)": 0.036358239776442404,
    "P(PushAffirm|ReceiveConfirmAXnotOk)": 0.04347826086956522
  },
  "ReceiveInformAX": {
    "P(PushRequestA|ReceiveInformAX)": 0.004019444758455143,
    "P(PushInformBY|ReceiveInformAX)": 0.00122399020802047,
    "P(PushInformAX|ReceiveInformAX)": 0.4898528659206883,
    "P(PushConfirmAX|ReceiveInformAX)": 0.0012239902080744176,
    "P(PushRepeat|ReceiveInformAX)": 2.9915977709450994E-22,
    "P(PushThankyou|ReceiveInformAX)": 2.9699600237534264E-22,
    "P(PushAffirmAX|ReceiveInformAX)": 0.4908200734432042,
    "P(PushAffirm|ReceiveInformAX)": 0.00122399020802047,
    "P(PushDenyAX|ReceiveInformAX)": 0.0012239902080744176,
    "P(PushBye|ReceiveInformAX)": 0.003553808575372091,
    "P(PushNull|ReceiveInformAX)": 2.958252043988828E-22,
    "P(PushNegateAX|ReceiveInformAX)": 0.0012239902080744176,
    "P(PushNothing|ReceiveInformAX)": 2.9153549256913397E-22,
    "P(PushReqaltsAX|ReceiveInformAX)": 0.001961885637792899,
    "P(PushAck|ReceiveInformAX)": 2.9915977709450994E-22,
    "P(PushRestart|ReceiveInformAX)": 0.0012239902080744176,
    "P(PushHello|ReceiveInformAX)": 0.0024479804161488352
  },
  "ReceiveAffirmAX": {
    "P(PushAffirmAX|ReceiveAffirmAX)": 0.058823529411764705,
    "P(PushReqaltsAX|ReceiveAffirmAX)": 0.058823529411764705,
    "P(PushThankyou|ReceiveAffirmAX)": 0.058823529411764705,
    "P(PushBye|ReceiveAffirmAX)": 0.058823529411764705,
    "P(PushNegateAX|ReceiveAffirmAX)": 0.058823529411764705,
    "P(PushConfirmAX|ReceiveAffirmAX)": 0.058823529411764705,
    "P(PushRepeat|ReceiveAffirmAX)": 0.058823529411764705,
    "P(PushRequestA|ReceiveAffirmAX)": 0.058823529411764705,
    "P(PushInformAX|ReceiveAffirmAX)": 0.058823529411764705,
    "P(PushAck|ReceiveAffirmAX)": 0.058823529411764705,
    "P(PushNull|ReceiveAffirmAX)": 0.058823529411764705,
    "P(PushRestart|ReceiveAffirmAX)": 0.058823529411764705,
    "P(PushAffirm|ReceiveAffirmAX)": 0.058823529411764705,
    "P(PushDenyAX|ReceiveAffirmAX)": 0.058823529411764705,
    "P(PushHello|ReceiveAffirmAX)": 0.058823529411764705,
    "P(PushInformBY|ReceiveAffirmAX)": 0.058823529411764705,
    "P(PushNothing|ReceiveAffirmAX)": 0.058823529411764705
  },
  "ReceiveOffer": {
    "P(PushAck|ReceiveOffer)": 0.14376308879130645,
    "P(PushRepeat|ReceiveOffer)": 0.14376308879130645,
    "P(PushDenyAX|ReceiveOffer)": 0.0,
    "P(PushThankyou|ReceiveOffer)": 0.14050415416646772,
    "P(PushConfirmAX|ReceiveOffer)": 0.0,
    "P(PushNothing|ReceiveOffer)": 1.4327801359290338E-4,
    "P(PushBye|ReceiveOffer)": 0.1437630887913067,
    "P(PushRequestA|ReceiveOffer)": 0.24782070739359596,
    "P(PushInformBY|ReceiveOffer)": 0.0,
    "P(PushAffirmAX|ReceiveOffer)": 0.0,
    "P(PushReqaltsAX|ReceiveOffer)": 0.03998032952287716,
    "P(PushRestart|ReceiveOffer)": 0.0,
    "P(PushNull|ReceiveOffer)": 0.14026226452954668,
    "P(PushAffirm|ReceiveOffer)": 0.0,